{
    "providers":[
        {
            "type":"bitmap",
            "file":"minecraft:guis/prefixes/owner.png",
            "ascent":7,
            "height":7,
            "chars":[
                "↕"
            ]
        },
        {
            "type":"bitmap",
            "file":"minecraft:guis/prefixes/admin.png",
            "ascent":7,
            "height":7,
            "chars":[
                "↖"
            ]
        },
        {
            "type":"bitmap",
            "file":"minecraft:guis/prefixes/jradmin.png",
            "ascent":7,
            "height":7,
            "chars":[
                "↗"
            ]
        },
        {
            "type":"bitmap",
            "file":"minecraft:guis/prefixes/dev.png",
            "ascent":7,
            "height":7,
            "chars":[
                "↘"
            ]
        },
        {
            "type":"bitmap",
            "file":"minecraft:guis/prefixes/srmod.png",
            "ascent":7,
            "height":7,
            "chars":[
                "↙"
            ]
        },
        {
            "type":"bitmap",
            "file":"minecraft:guis/prefixes/mod.png",
            "ascent":7,
            "height":7,
            "chars":[
                "↚"
            ]
        },
        {
            "type":"bitmap",
            "file":"minecraft:guis/prefixes/helper.png",
            "ascent":7,
            "height":7,
            "chars":[
                "↛"
            ]
        },
        {
            "type":"bitmap",
            "file":"minecraft:guis/prefixes/media.png",
            "ascent":7,
            "height":7,
            "chars":[
                "↜"
            ]
        },
        {
            "type":"bitmap",
            "file":"minecraft:guis/prefixes/sapphire.png",
            "ascent":7,
            "height":7,
            "chars":[
                "↝"
            ]
        },
        {
            "type":"bitmap",
            "file":"minecraft:guis/prefixes/ruby.png",
            "ascent":7,
            "height":7,
            "chars":[
                "↞"
            ]
        },
        {
            "type":"bitmap",
            "file":"minecraft:guis/prefixes/platinum.png",
            "ascent":7,
            "height":7,
            "chars":[
                "↟"
            ]
        },
        {
            "type":"bitmap",
            "file":"minecraft:guis/prefixes/silver.png",
            "ascent":7,
            "height":7,
            "chars":[
                "↠"
            ]
        },
        {
            "type":"bitmap",
            "file":"minecraft:guis/prefixes/bronze.png",
            "ascent":7,
            "height":7,
            "chars":[
                "↡"
            ]
        },
        {
            "type":"bitmap",
            "file":"minecraft:guis/prefixes/member.png",
            "ascent":7,
            "height":7,
            "chars":[
                "↢"
            ]
        }
    ]
}